"序列","行政区或类别","行政编码","横轴值","横轴单位","数值或纵轴值","数值单位","完整性提示","分析快照","数据批次","算法版本","数据来源"
"bar","长沙市","430100","","","13.141332631852713","%","检索触及上限，样本可能不完整","51d8f876e2d2445bbe494db27ede4df0","77751da1e930432394ebe8325068c3b6","sample-spatial-v1.1","高德开放平台POI样本 / 对应统计来源"
"bar","湘潭市","430300","","","11.491218820167628","%","","51d8f876e2d2445bbe494db27ede4df0","77751da1e930432394ebe8325068c3b6","sample-spatial-v1.1","高德开放平台POI样本 / 对应统计来源"
"bar","娄底市","431300","","","10.574017724680166","%","检索触及上限，样本可能不完整","51d8f876e2d2445bbe494db27ede4df0","77751da1e930432394ebe8325068c3b6","sample-spatial-v1.1","高德开放平台POI样本 / 对应统计来源"
"bar","株洲市","430200","","","9.259154657294104","%","检索触及上限，样本可能不完整","51d8f876e2d2445bbe494db27ede4df0","77751da1e930432394ebe8325068c3b6","sample-spatial-v1.1","高德开放平台POI样本 / 对应统计来源"
"bar","岳阳市","430600","","","7.667328617116306","%","检索触及上限，样本可能不完整","51d8f876e2d2445bbe494db27ede4df0","77751da1e930432394ebe8325068c3b6","sample-spatial-v1.1","高德开放平台POI样本 / 对应统计来源"
"bar","衡阳市","430400","","","6.595238557918806","%","","51d8f876e2d2445bbe494db27ede4df0","77751da1e930432394ebe8325068c3b6","sample-spatial-v1.1","高德开放平台POI样本 / 对应统计来源"
"bar","张家界市","430800","","","6.266237812712223","%","检索触及上限，样本可能不完整","51d8f876e2d2445bbe494db27ede4df0","77751da1e930432394ebe8325068c3b6","sample-spatial-v1.1","高德开放平台POI样本 / 对应统计来源"
"bar","郴州市","431000","","","6.121058224644797","%","检索触及上限，样本可能不完整","51d8f876e2d2445bbe494db27ede4df0","77751da1e930432394ebe8325068c3b6","sample-spatial-v1.1","高德开放平台POI样本 / 对应统计来源"
"bar","益阳市","430900","","","6.053369079654685","%","检索触及上限，样本可能不完整","51d8f876e2d2445bbe494db27ede4df0","77751da1e930432394ebe8325068c3b6","sample-spatial-v1.1","高德开放平台POI样本 / 对应统计来源"
"bar","常德市","430700","","","5.494643002946331","%","检索触及上限，样本可能不完整","51d8f876e2d2445bbe494db27ede4df0","77751da1e930432394ebe8325068c3b6","sample-spatial-v1.1","高德开放平台POI样本 / 对应统计来源"
"bar","永州市","431100","","","5.278402135651886","%","","51d8f876e2d2445bbe494db27ede4df0","77751da1e930432394ebe8325068c3b6","sample-spatial-v1.1","高德开放平台POI样本 / 对应统计来源"
"bar","邵阳市","430500","","","5.006723322912","%","","51d8f876e2d2445bbe494db27ede4df0","77751da1e930432394ebe8325068c3b6","sample-spatial-v1.1","高德开放平台POI样本 / 对应统计来源"
"bar","怀化市","431200","","","3.679753448492145","%","","51d8f876e2d2445bbe494db27ede4df0","77751da1e930432394ebe8325068c3b6","sample-spatial-v1.1","高德开放平台POI样本 / 对应统计来源"
"bar","湘西土家族苗族自治州","433100","","","3.577972078349191","%","","51d8f876e2d2445bbe494db27ede4df0","77751da1e930432394ebe8325068c3b6","sample-spatial-v1.1","高德开放平台POI样本 / 对应统计来源"