"序列","行政区或类别","行政编码","横轴值","横轴单位","数值或纵轴值","数值单位","完整性提示","分析快照","数据批次","当前样本证据批次","完整数据集证据批次","算法名称","算法版本","数据集采集更新时间","计算时间","快照样本口径","算法参数与依赖版本","冻结输入哈希","已知限制","数据来源"
"bar","长沙市","430100","","","3151","条","检索触及上限，样本可能不完整","f4b14b22c8884a58bb4e96e2dd3688f7","77751da1e930432394ebe8325068c3b6","77751da1e930432394ebe8325068c3b6 / f8a52ae0e1ea44528ffac48b4ab073d6","77751da1e930432394ebe8325068c3b6 / f8a52ae0e1ea44528ffac48b4ab073d6","POI空间分布与1km直线缓冲并集裁剪","sample-spatial-v1.2","2026-10-04T02:49:05Z","2026-10-04T12:13:40Z","{""classification"":""public_candidate""}","{""filters"":{""classification"":""public_candidate""},""radiusM"":1000,""gridStepM"":5000,""sourceHash"":""3e451e78f63d1f87bdfd85459b0757c36369bfe4139744e015f2a4b9d450fc43"",""bufferModel"":""ellipsoid-scale-ring-on-GCJ-chart"",""geosVersion"":""3.13.1"",""sampleScope"":""all_retained_pois"",""pyprojVersion"":""3.8.0"",""bufferSegments"":256,""metricPipeline"":""+proj=pipeline +step +proj=unitconvert +xy_in=deg +xy_out=rad +step +proj=laea +lat_0=27.5 +lon_0=111.5 +ellps=WGS84"",""shapelyVersion"":""2.1.2"",""bufferEllipsoid"":""WGS84-scale-only-no-datum-conversion"",""coordinateModel"":""GCJ02-chart-LAEA-approximate"",""countAssignment"":""source_adcode"",""displayToleranceM"":25,""bufferMaximumChordSagittaM"":0.07529816085549701}","33aeeea79863ed9b1320a26531f65fb1376e2ad3e9633f008908ab00ef34d7f9","按明确分类/复核/批次条件选择保留POI，不删除原始记录；样本覆盖不代表公共营业设施覆盖。检索上限与几何版本影响结论。","高德开放平台POI样本"
"bar","郴州市","431000","","","889","条","检索触及上限，样本可能不完整","f4b14b22c8884a58bb4e96e2dd3688f7","77751da1e930432394ebe8325068c3b6","77751da1e930432394ebe8325068c3b6 / f8a52ae0e1ea44528ffac48b4ab073d6","77751da1e930432394ebe8325068c3b6 / f8a52ae0e1ea44528ffac48b4ab073d6","POI空间分布与1km直线缓冲并集裁剪","sample-spatial-v1.2","2026-10-04T02:49:05Z","2026-10-04T12:13:40Z","{""classification"":""public_candidate""}","{""filters"":{""classification"":""public_candidate""},""radiusM"":1000,""gridStepM"":5000,""sourceHash"":""3e451e78f63d1f87bdfd85459b0757c36369bfe4139744e015f2a4b9d450fc43"",""bufferModel"":""ellipsoid-scale-ring-on-GCJ-chart"",""geosVersion"":""3.13.1"",""sampleScope"":""all_retained_pois"",""pyprojVersion"":""3.8.0"",""bufferSegments"":256,""metricPipeline"":""+proj=pipeline +step +proj=unitconvert +xy_in=deg +xy_out=rad +step +proj=laea +lat_0=27.5 +lon_0=111.5 +ellps=WGS84"",""shapelyVersion"":""2.1.2"",""bufferEllipsoid"":""WGS84-scale-only-no-datum-conversion"",""coordinateModel"":""GCJ02-chart-LAEA-approximate"",""countAssignment"":""source_adcode"",""displayToleranceM"":25,""bufferMaximumChordSagittaM"":0.07529816085549701}","33aeeea79863ed9b1320a26531f65fb1376e2ad3e9633f008908ab00ef34d7f9","按明确分类/复核/批次条件选择保留POI，不删除原始记录；样本覆盖不代表公共营业设施覆盖。检索上限与几何版本影响结论。","高德开放平台POI样本"
"bar","永州市","431100","","","793","条","","f4b14b22c8884a58bb4e96e2dd3688f7","77751da1e930432394ebe8325068c3b6","77751da1e930432394ebe8325068c3b6 / f8a52ae0e1ea44528ffac48b4ab073d6","77751da1e930432394ebe8325068c3b6 / f8a52ae0e1ea44528ffac48b4ab073d6","POI空间分布与1km直线缓冲并集裁剪","sample-spatial-v1.2","2026-10-04T02:49:05Z","2026-10-04T12:13:40Z","{""classification"":""public_candidate""}","{""filters"":{""classification"":""public_candidate""},""radiusM"":1000,""gridStepM"":5000,""sourceHash"":""3e451e78f63d1f87bdfd85459b0757c36369bfe4139744e015f2a4b9d450fc43"",""bufferModel"":""ellipsoid-scale-ring-on-GCJ-chart"",""geosVersion"":""3.13.1"",""sampleScope"":""all_retained_pois"",""pyprojVersion"":""3.8.0"",""bufferSegments"":256,""metricPipeline"":""+proj=pipeline +step +proj=unitconvert +xy_in=deg +xy_out=rad +step +proj=laea +lat_0=27.5 +lon_0=111.5 +ellps=WGS84"",""shapelyVersion"":""2.1.2"",""bufferEllipsoid"":""WGS84-scale-only-no-datum-conversion"",""coordinateModel"":""GCJ02-chart-LAEA-approximate"",""countAssignment"":""source_adcode"",""displayToleranceM"":25,""bufferMaximumChordSagittaM"":0.07529816085549701}","33aeeea79863ed9b1320a26531f65fb1376e2ad3e9633f008908ab00ef34d7f9","按明确分类/复核/批次条件选择保留POI，不删除原始记录；样本覆盖不代表公共营业设施覆盖。检索上限与几何版本影响结论。","高德开放平台POI样本"
"bar","衡阳市","430400","","","770","条","","f4b14b22c8884a58bb4e96e2dd3688f7","77751da1e930432394ebe8325068c3b6","77751da1e930432394ebe8325068c3b6 / f8a52ae0e1ea44528ffac48b4ab073d6","77751da1e930432394ebe8325068c3b6 / f8a52ae0e1ea44528ffac48b4ab073d6","POI空间分布与1km直线缓冲并集裁剪","sample-spatial-v1.2","2026-10-04T02:49:05Z","2026-10-04T12:13:40Z","{""classification"":""public_candidate""}","{""filters"":{""classification"":""public_candidate""},""radiusM"":1000,""gridStepM"":5000,""sourceHash"":""3e451e78f63d1f87bdfd85459b0757c36369bfe4139744e015f2a4b9d450fc43"",""bufferModel"":""ellipsoid-scale-ring-on-GCJ-chart"",""geosVersion"":""3.13.1"",""sampleScope"":""all_retained_pois"",""pyprojVersion"":""3.8.0"",""bufferSegments"":256,""metricPipeline"":""+proj=pipeline +step +proj=unitconvert +xy_in=deg +xy_out=rad +step +proj=laea +lat_0=27.5 +lon_0=111.5 +ellps=WGS84"",""shapelyVersion"":""2.1.2"",""bufferEllipsoid"":""WGS84-scale-only-no-datum-conversion"",""coordinateModel"":""GCJ02-chart-LAEA-approximate"",""countAssignment"":""source_adcode"",""displayToleranceM"":25,""bufferMaximumChordSagittaM"":0.07529816085549701}","33aeeea79863ed9b1320a26531f65fb1376e2ad3e9633f008908ab00ef34d7f9","按明确分类/复核/批次条件选择保留POI，不删除原始记录；样本覆盖不代表公共营业设施覆盖。检索上限与几何版本影响结论。","高德开放平台POI样本"
"bar","岳阳市","430600","","","766","条","检索触及上限，样本可能不完整","f4b14b22c8884a58bb4e96e2dd3688f7","77751da1e930432394ebe8325068c3b6","77751da1e930432394ebe8325068c3b6 / f8a52ae0e1ea44528ffac48b4ab073d6","77751da1e930432394ebe8325068c3b6 / f8a52ae0e1ea44528ffac48b4ab073d6","POI空间分布与1km直线缓冲并集裁剪","sample-spatial-v1.2","2026-10-04T02:49:05Z","2026-10-04T12:13:40Z","{""classification"":""public_candidate""}","{""filters"":{""classification"":""public_candidate""},""radiusM"":1000,""gridStepM"":5000,""sourceHash"":""3e451e78f63d1f87bdfd85459b0757c36369bfe4139744e015f2a4b9d450fc43"",""bufferModel"":""ellipsoid-scale-ring-on-GCJ-chart"",""geosVersion"":""3.13.1"",""sampleScope"":""all_retained_pois"",""pyprojVersion"":""3.8.0"",""bufferSegments"":256,""metricPipeline"":""+proj=pipeline +step +proj=unitconvert +xy_in=deg +xy_out=rad +step +proj=laea +lat_0=27.5 +lon_0=111.5 +ellps=WGS84"",""shapelyVersion"":""2.1.2"",""bufferEllipsoid"":""WGS84-scale-only-no-datum-conversion"",""coordinateModel"":""GCJ02-chart-LAEA-approximate"",""countAssignment"":""source_adcode"",""displayToleranceM"":25,""bufferMaximumChordSagittaM"":0.07529816085549701}","33aeeea79863ed9b1320a26531f65fb1376e2ad3e9633f008908ab00ef34d7f9","按明确分类/复核/批次条件选择保留POI，不删除原始记录；样本覆盖不代表公共营业设施覆盖。检索上限与几何版本影响结论。","高德开放平台POI样本"
"bar","株洲市","430200","","","743","条","检索触及上限，样本可能不完整","f4b14b22c8884a58bb4e96e2dd3688f7","77751da1e930432394ebe8325068c3b6","77751da1e930432394ebe8325068c3b6 / f8a52ae0e1ea44528ffac48b4ab073d6","77751da1e930432394ebe8325068c3b6 / f8a52ae0e1ea44528ffac48b4ab073d6","POI空间分布与1km直线缓冲并集裁剪","sample-spatial-v1.2","2026-10-04T02:49:05Z","2026-10-04T12:13:40Z","{""classification"":""public_candidate""}","{""filters"":{""classification"":""public_candidate""},""radiusM"":1000,""gridStepM"":5000,""sourceHash"":""3e451e78f63d1f87bdfd85459b0757c36369bfe4139744e015f2a4b9d450fc43"",""bufferModel"":""ellipsoid-scale-ring-on-GCJ-chart"",""geosVersion"":""3.13.1"",""sampleScope"":""all_retained_pois"",""pyprojVersion"":""3.8.0"",""bufferSegments"":256,""metricPipeline"":""+proj=pipeline +step +proj=unitconvert +xy_in=deg +xy_out=rad +step +proj=laea +lat_0=27.5 +lon_0=111.5 +ellps=WGS84"",""shapelyVersion"":""2.1.2"",""bufferEllipsoid"":""WGS84-scale-only-no-datum-conversion"",""coordinateModel"":""GCJ02-chart-LAEA-approximate"",""countAssignment"":""source_adcode"",""displayToleranceM"":25,""bufferMaximumChordSagittaM"":0.07529816085549701}","33aeeea79863ed9b1320a26531f65fb1376e2ad3e9633f008908ab00ef34d7f9","按明确分类/复核/批次条件选择保留POI，不删除原始记录；样本覆盖不代表公共营业设施覆盖。检索上限与几何版本影响结论。","高德开放平台POI样本"
"bar","邵阳市","430500","","","692","条","","f4b14b22c8884a58bb4e96e2dd3688f7","77751da1e930432394ebe8325068c3b6","77751da1e930432394ebe8325068c3b6 / f8a52ae0e1ea44528ffac48b4ab073d6","77751da1e930432394ebe8325068c3b6 / f8a52ae0e1ea44528ffac48b4ab073d6","POI空间分布与1km直线缓冲并集裁剪","sample-spatial-v1.2","2026-10-04T02:49:05Z","2026-10-04T12:13:40Z","{""classification"":""public_candidate""}","{""filters"":{""classification"":""public_candidate""},""radiusM"":1000,""gridStepM"":5000,""sourceHash"":""3e451e78f63d1f87bdfd85459b0757c36369bfe4139744e015f2a4b9d450fc43"",""bufferModel"":""ellipsoid-scale-ring-on-GCJ-chart"",""geosVersion"":""3.13.1"",""sampleScope"":""all_retained_pois"",""pyprojVersion"":""3.8.0"",""bufferSegments"":256,""metricPipeline"":""+proj=pipeline +step +proj=unitconvert +xy_in=deg +xy_out=rad +step +proj=laea +lat_0=27.5 +lon_0=111.5 +ellps=WGS84"",""shapelyVersion"":""2.1.2"",""bufferEllipsoid"":""WGS84-scale-only-no-datum-conversion"",""coordinateModel"":""GCJ02-chart-LAEA-approximate"",""countAssignment"":""source_adcode"",""displayToleranceM"":25,""bufferMaximumChordSagittaM"":0.07529816085549701}","33aeeea79863ed9b1320a26531f65fb1376e2ad3e9633f008908ab00ef34d7f9","按明确分类/复核/批次条件选择保留POI，不删除原始记录；样本覆盖不代表公共营业设施覆盖。检索上限与几何版本影响结论。","高德开放平台POI样本"
"bar","常德市","430700","","","666","条","检索触及上限，样本可能不完整","f4b14b22c8884a58bb4e96e2dd3688f7","77751da1e930432394ebe8325068c3b6","77751da1e930432394ebe8325068c3b6 / f8a52ae0e1ea44528ffac48b4ab073d6","77751da1e930432394ebe8325068c3b6 / f8a52ae0e1ea44528ffac48b4ab073d6","POI空间分布与1km直线缓冲并集裁剪","sample-spatial-v1.2","2026-10-04T02:49:05Z","2026-10-04T12:13:40Z","{""classification"":""public_candidate""}","{""filters"":{""classification"":""public_candidate""},""radiusM"":1000,""gridStepM"":5000,""sourceHash"":""3e451e78f63d1f87bdfd85459b0757c36369bfe4139744e015f2a4b9d450fc43"",""bufferModel"":""ellipsoid-scale-ring-on-GCJ-chart"",""geosVersion"":""3.13.1"",""sampleScope"":""all_retained_pois"",""pyprojVersion"":""3.8.0"",""bufferSegments"":256,""metricPipeline"":""+proj=pipeline +step +proj=unitconvert +xy_in=deg +xy_out=rad +step +proj=laea +lat_0=27.5 +lon_0=111.5 +ellps=WGS84"",""shapelyVersion"":""2.1.2"",""bufferEllipsoid"":""WGS84-scale-only-no-datum-conversion"",""coordinateModel"":""GCJ02-chart-LAEA-approximate"",""countAssignment"":""source_adcode"",""displayToleranceM"":25,""bufferMaximumChordSagittaM"":0.07529816085549701}","33aeeea79863ed9b1320a26531f65fb1376e2ad3e9633f008908ab00ef34d7f9","按明确分类/复核/批次条件选择保留POI，不删除原始记录；样本覆盖不代表公共营业设施覆盖。检索上限与几何版本影响结论。","高德开放平台POI样本"
"bar","娄底市","431300","","","640","条","检索触及上限，样本可能不完整","f4b14b22c8884a58bb4e96e2dd3688f7","77751da1e930432394ebe8325068c3b6","77751da1e930432394ebe8325068c3b6 / f8a52ae0e1ea44528ffac48b4ab073d6","77751da1e930432394ebe8325068c3b6 / f8a52ae0e1ea44528ffac48b4ab073d6","POI空间分布与1km直线缓冲并集裁剪","sample-spatial-v1.2","2026-10-04T02:49:05Z","2026-10-04T12:13:40Z","{""classification"":""public_candidate""}","{""filters"":{""classification"":""public_candidate""},""radiusM"":1000,""gridStepM"":5000,""sourceHash"":""3e451e78f63d1f87bdfd85459b0757c36369bfe4139744e015f2a4b9d450fc43"",""bufferModel"":""ellipsoid-scale-ring-on-GCJ-chart"",""geosVersion"":""3.13.1"",""sampleScope"":""all_retained_pois"",""pyprojVersion"":""3.8.0"",""bufferSegments"":256,""metricPipeline"":""+proj=pipeline +step +proj=unitconvert +xy_in=deg +xy_out=rad +step +proj=laea +lat_0=27.5 +lon_0=111.5 +ellps=WGS84"",""shapelyVersion"":""2.1.2"",""bufferEllipsoid"":""WGS84-scale-only-no-datum-conversion"",""coordinateModel"":""GCJ02-chart-LAEA-approximate"",""countAssignment"":""source_adcode"",""displayToleranceM"":25,""bufferMaximumChordSagittaM"":0.07529816085549701}","33aeeea79863ed9b1320a26531f65fb1376e2ad3e9633f008908ab00ef34d7f9","按明确分类/复核/批次条件选择保留POI，不删除原始记录；样本覆盖不代表公共营业设施覆盖。检索上限与几何版本影响结论。","高德开放平台POI样本"
"bar","益阳市","430900","","","627","条","检索触及上限，样本可能不完整","f4b14b22c8884a58bb4e96e2dd3688f7","77751da1e930432394ebe8325068c3b6","77751da1e930432394ebe8325068c3b6 / f8a52ae0e1ea44528ffac48b4ab073d6","77751da1e930432394ebe8325068c3b6 / f8a52ae0e1ea44528ffac48b4ab073d6","POI空间分布与1km直线缓冲并集裁剪","sample-spatial-v1.2","2026-10-04T02:49:05Z","2026-10-04T12:13:40Z","{""classification"":""public_candidate""}","{""filters"":{""classification"":""public_candidate""},""radiusM"":1000,""gridStepM"":5000,""sourceHash"":""3e451e78f63d1f87bdfd85459b0757c36369bfe4139744e015f2a4b9d450fc43"",""bufferModel"":""ellipsoid-scale-ring-on-GCJ-chart"",""geosVersion"":""3.13.1"",""sampleScope"":""all_retained_pois"",""pyprojVersion"":""3.8.0"",""bufferSegments"":256,""metricPipeline"":""+proj=pipeline +step +proj=unitconvert +xy_in=deg +xy_out=rad +step +proj=laea +lat_0=27.5 +lon_0=111.5 +ellps=WGS84"",""shapelyVersion"":""2.1.2"",""bufferEllipsoid"":""WGS84-scale-only-no-datum-conversion"",""coordinateModel"":""GCJ02-chart-LAEA-approximate"",""countAssignment"":""source_adcode"",""displayToleranceM"":25,""bufferMaximumChordSagittaM"":0.07529816085549701}","33aeeea79863ed9b1320a26531f65fb1376e2ad3e9633f008908ab00ef34d7f9","按明确分类/复核/批次条件选择保留POI，不删除原始记录；样本覆盖不代表公共营业设施覆盖。检索上限与几何版本影响结论。","高德开放平台POI样本"
"bar","怀化市","431200","","","596","条","","f4b14b22c8884a58bb4e96e2dd3688f7","77751da1e930432394ebe8325068c3b6","77751da1e930432394ebe8325068c3b6 / f8a52ae0e1ea44528ffac48b4ab073d6","77751da1e930432394ebe8325068c3b6 / f8a52ae0e1ea44528ffac48b4ab073d6","POI空间分布与1km直线缓冲并集裁剪","sample-spatial-v1.2","2026-10-04T02:49:05Z","2026-10-04T12:13:40Z","{""classification"":""public_candidate""}","{""filters"":{""classification"":""public_candidate""},""radiusM"":1000,""gridStepM"":5000,""sourceHash"":""3e451e78f63d1f87bdfd85459b0757c36369bfe4139744e015f2a4b9d450fc43"",""bufferModel"":""ellipsoid-scale-ring-on-GCJ-chart"",""geosVersion"":""3.13.1"",""sampleScope"":""all_retained_pois"",""pyprojVersion"":""3.8.0"",""bufferSegments"":256,""metricPipeline"":""+proj=pipeline +step +proj=unitconvert +xy_in=deg +xy_out=rad +step +proj=laea +lat_0=27.5 +lon_0=111.5 +ellps=WGS84"",""shapelyVersion"":""2.1.2"",""bufferEllipsoid"":""WGS84-scale-only-no-datum-conversion"",""coordinateModel"":""GCJ02-chart-LAEA-approximate"",""countAssignment"":""source_adcode"",""displayToleranceM"":25,""bufferMaximumChordSagittaM"":0.07529816085549701}","33aeeea79863ed9b1320a26531f65fb1376e2ad3e9633f008908ab00ef34d7f9","按明确分类/复核/批次条件选择保留POI，不删除原始记录；样本覆盖不代表公共营业设施覆盖。检索上限与几何版本影响结论。","高德开放平台POI样本"
"bar","湘潭市","430300","","","525","条","","f4b14b22c8884a58bb4e96e2dd3688f7","77751da1e930432394ebe8325068c3b6","77751da1e930432394ebe8325068c3b6 / f8a52ae0e1ea44528ffac48b4ab073d6","77751da1e930432394ebe8325068c3b6 / f8a52ae0e1ea44528ffac48b4ab073d6","POI空间分布与1km直线缓冲并集裁剪","sample-spatial-v1.2","2026-10-04T02:49:05Z","2026-10-04T12:13:40Z","{""classification"":""public_candidate""}","{""filters"":{""classification"":""public_candidate""},""radiusM"":1000,""gridStepM"":5000,""sourceHash"":""3e451e78f63d1f87bdfd85459b0757c36369bfe4139744e015f2a4b9d450fc43"",""bufferModel"":""ellipsoid-scale-ring-on-GCJ-chart"",""geosVersion"":""3.13.1"",""sampleScope"":""all_retained_pois"",""pyprojVersion"":""3.8.0"",""bufferSegments"":256,""metricPipeline"":""+proj=pipeline +step +proj=unitconvert +xy_in=deg +xy_out=rad +step +proj=laea +lat_0=27.5 +lon_0=111.5 +ellps=WGS84"",""shapelyVersion"":""2.1.2"",""bufferEllipsoid"":""WGS84-scale-only-no-datum-conversion"",""coordinateModel"":""GCJ02-chart-LAEA-approximate"",""countAssignment"":""source_adcode"",""displayToleranceM"":25,""bufferMaximumChordSagittaM"":0.07529816085549701}","33aeeea79863ed9b1320a26531f65fb1376e2ad3e9633f008908ab00ef34d7f9","按明确分类/复核/批次条件选择保留POI，不删除原始记录；样本覆盖不代表公共营业设施覆盖。检索上限与几何版本影响结论。","高德开放平台POI样本"
"bar","张家界市","430800","","","462","条","检索触及上限，样本可能不完整","f4b14b22c8884a58bb4e96e2dd3688f7","77751da1e930432394ebe8325068c3b6","77751da1e930432394ebe8325068c3b6 / f8a52ae0e1ea44528ffac48b4ab073d6","77751da1e930432394ebe8325068c3b6 / f8a52ae0e1ea44528ffac48b4ab073d6","POI空间分布与1km直线缓冲并集裁剪","sample-spatial-v1.2","2026-10-04T02:49:05Z","2026-10-04T12:13:40Z","{""classification"":""public_candidate""}","{""filters"":{""classification"":""public_candidate""},""radiusM"":1000,""gridStepM"":5000,""sourceHash"":""3e451e78f63d1f87bdfd85459b0757c36369bfe4139744e015f2a4b9d450fc43"",""bufferModel"":""ellipsoid-scale-ring-on-GCJ-chart"",""geosVersion"":""3.13.1"",""sampleScope"":""all_retained_pois"",""pyprojVersion"":""3.8.0"",""bufferSegments"":256,""metricPipeline"":""+proj=pipeline +step +proj=unitconvert +xy_in=deg +xy_out=rad +step +proj=laea +lat_0=27.5 +lon_0=111.5 +ellps=WGS84"",""shapelyVersion"":""2.1.2"",""bufferEllipsoid"":""WGS84-scale-only-no-datum-conversion"",""coordinateModel"":""GCJ02-chart-LAEA-approximate"",""countAssignment"":""source_adcode"",""displayToleranceM"":25,""bufferMaximumChordSagittaM"":0.07529816085549701}","33aeeea79863ed9b1320a26531f65fb1376e2ad3e9633f008908ab00ef34d7f9","按明确分类/复核/批次条件选择保留POI，不删除原始记录；样本覆盖不代表公共营业设施覆盖。检索上限与几何版本影响结论。","高德开放平台POI样本"
"bar","湘西土家族苗族自治州","433100","","","400","条","","f4b14b22c8884a58bb4e96e2dd3688f7","77751da1e930432394ebe8325068c3b6","77751da1e930432394ebe8325068c3b6 / f8a52ae0e1ea44528ffac48b4ab073d6","77751da1e930432394ebe8325068c3b6 / f8a52ae0e1ea44528ffac48b4ab073d6","POI空间分布与1km直线缓冲并集裁剪","sample-spatial-v1.2","2026-10-04T02:49:05Z","2026-10-04T12:13:40Z","{""classification"":""public_candidate""}","{""filters"":{""classification"":""public_candidate""},""radiusM"":1000,""gridStepM"":5000,""sourceHash"":""3e451e78f63d1f87bdfd85459b0757c36369bfe4139744e015f2a4b9d450fc43"",""bufferModel"":""ellipsoid-scale-ring-on-GCJ-chart"",""geosVersion"":""3.13.1"",""sampleScope"":""all_retained_pois"",""pyprojVersion"":""3.8.0"",""bufferSegments"":256,""metricPipeline"":""+proj=pipeline +step +proj=unitconvert +xy_in=deg +xy_out=rad +step +proj=laea +lat_0=27.5 +lon_0=111.5 +ellps=WGS84"",""shapelyVersion"":""2.1.2"",""bufferEllipsoid"":""WGS84-scale-only-no-datum-conversion"",""coordinateModel"":""GCJ02-chart-LAEA-approximate"",""countAssignment"":""source_adcode"",""displayToleranceM"":25,""bufferMaximumChordSagittaM"":0.07529816085549701}","33aeeea79863ed9b1320a26531f65fb1376e2ad3e9633f008908ab00ef34d7f9","按明确分类/复核/批次条件选择保留POI，不删除原始记录；样本覆盖不代表公共营业设施覆盖。检索上限与几何版本影响结论。","高德开放平台POI样本"