"行政编码","区县","POI样本数量(条)","1km直线样本覆盖率(%)","样本未覆盖面积(km²)","待复核线索(条)","风险等级","完整性提示","来源","分析快照","数据批次","算法版本"
"430527","绥宁县","23","1.3629551328809928","2882.2845300514555","4","未评级","","高德开放平台POI样本","51d8f876e2d2445bbe494db27ede4df0","77751da1e930432394ebe8325068c3b6","sample-spatial-v1.1"
"431230","通道侗族自治县","20","1.7322115967304954","2174.946559530358","2","未评级","","高德开放平台POI样本","51d8f876e2d2445bbe494db27ede4df0","77751da1e930432394ebe8325068c3b6","sample-spatial-v1.1"
"431222","沅陵县","52","1.808920108832624","5706.183410451502","3","未评级","","高德开放平台POI样本","51d8f876e2d2445bbe494db27ede4df0","77751da1e930432394ebe8325068c3b6","sample-spatial-v1.1"
"433122","泸溪县","18","2.0397304403999996","1534.8828168211242","0","未评级","","高德开放平台POI样本","51d8f876e2d2445bbe494db27ede4df0","77751da1e930432394ebe8325068c3b6","sample-spatial-v1.1"
"430529","城步苗族自治县","31","2.1682325328822176","2548.9865034041336","1","未评级","","高德开放平台POI样本","51d8f876e2d2445bbe494db27ede4df0","77751da1e930432394ebe8325068c3b6","sample-spatial-v1.1"
"431129","江华瑶族自治县","42","2.286479451294788","3184.5805717040603","2","未评级","","高德开放平台POI样本","51d8f876e2d2445bbe494db27ede4df0","77751da1e930432394ebe8325068c3b6","sample-spatial-v1.1"
"430725","桃源县","56","2.299337418031445","4345.407886956724","9","未评级","","高德开放平台POI样本","51d8f876e2d2445bbe494db27ede4df0","77751da1e930432394ebe8325068c3b6","sample-spatial-v1.1"
"433130","龙山县","80","2.5384176853183815","3056.000268711818","16","未评级","","高德开放平台POI样本","51d8f876e2d2445bbe494db27ede4df0","77751da1e930432394ebe8325068c3b6","sample-spatial-v1.1"
"433126","古丈县","17","2.5657090784217385","1264.5547478079377","0","未评级","","高德开放平台POI样本","51d8f876e2d2445bbe494db27ede4df0","77751da1e930432394ebe8325068c3b6","sample-spatial-v1.1"
"433127","永顺县","71","2.600765455390634","3725.904442796445","6","未评级","","高德开放平台POI样本","51d8f876e2d2445bbe494db27ede4df0","77751da1e930432394ebe8325068c3b6","sample-spatial-v1.1"
"431225","会同县","37","3.2242152070245114","2187.8392280694707","0","未评级","","高德开放平台POI样本","51d8f876e2d2445bbe494db27ede4df0","77751da1e930432394ebe8325068c3b6","sample-spatial-v1.1"
"431229","靖州苗族侗族自治县","44","3.325201398635522","2133.83239446311","1","未评级","","高德开放平台POI样本","51d8f876e2d2445bbe494db27ede4df0","77751da1e930432394ebe8325068c3b6","sample-spatial-v1.1"
"431227","新晃侗族自治县","24","3.336030061318302","1444.924553255586","0","未评级","","高德开放平台POI样本","51d8f876e2d2445bbe494db27ede4df0","77751da1e930432394ebe8325068c3b6","sample-spatial-v1.1"
"430822","桑植县","55","3.366999100677049","3349.0117305957074","2","未评级","","高德开放平台POI样本","51d8f876e2d2445bbe494db27ede4df0","77751da1e930432394ebe8325068c3b6","sample-spatial-v1.1"
"430528","新宁县","73","3.3965492093548404","2658.991526592847","6","未评级","","高德开放平台POI样本","51d8f876e2d2445bbe494db27ede4df0","77751da1e930432394ebe8325068c3b6","sample-spatial-v1.1"
"430726","石门县","87","3.522351574580588","3835.367156811778","5","未评级","","高德开放平台POI样本","51d8f876e2d2445bbe494db27ede4df0","77751da1e930432394ebe8325068c3b6","sample-spatial-v1.1"
"431026","汝城县","60","3.555904271948472","2315.456909038576","5","未评级","","高德开放平台POI样本","51d8f876e2d2445bbe494db27ede4df0","77751da1e930432394ebe8325068c3b6","sample-spatial-v1.1"
"431125","江永县","29","3.5669338410159552","1567.5763288933324","3","未评级","","高德开放平台POI样本","51d8f876e2d2445bbe494db27ede4df0","77751da1e930432394ebe8325068c3b6","sample-spatial-v1.1"
"431081","资兴市","85","3.592876866906927","2629.417144646112","4","未评级","","高德开放平台POI样本","51d8f876e2d2445bbe494db27ede4df0","77751da1e930432394ebe8325068c3b6","sample-spatial-v1.1"
"431123","双牌县","40","3.651042172776212","1659.6246693891596","3","未评级","","高德开放平台POI样本","51d8f876e2d2445bbe494db27ede4df0","77751da1e930432394ebe8325068c3b6","sample-spatial-v1.1"
"433125","保靖县","38","3.70897275948428","1688.2846662813483","0","未评级","","高德开放平台POI样本","51d8f876e2d2445bbe494db27ede4df0","77751da1e930432394ebe8325068c3b6","sample-spatial-v1.1"
"430481","耒阳市","70","3.9128391284907074","2549.1097927715587","5","未评级","","高德开放平台POI样本","51d8f876e2d2445bbe494db27ede4df0","77751da1e930432394ebe8325068c3b6","sample-spatial-v1.1"
"431224","溆浦县","68","3.985991321025951","3289.7567854809126","4","未评级","","高德开放平台POI样本","51d8f876e2d2445bbe494db27ede4df0","77751da1e930432394ebe8325068c3b6","sample-spatial-v1.1"
"433124","花垣县","35","4.098188243043021","1063.40726195636","7","未评级","","高德开放平台POI样本","51d8f876e2d2445bbe494db27ede4df0","77751da1e930432394ebe8325068c3b6","sample-spatial-v1.1"
"430522","新邵县","52","4.128696822267272","1694.3181140374531","6","未评级","","高德开放平台POI样本","51d8f876e2d2445bbe494db27ede4df0","77751da1e930432394ebe8325068c3b6","sample-spatial-v1.1"
"431023","永兴县","53","4.137216028716046","1894.1279389448575","6","未评级","","高德开放平台POI样本","51d8f876e2d2445bbe494db27ede4df0","77751da1e930432394ebe8325068c3b6","sample-spatial-v1.1"
"431281","洪江市","58","4.145762959468336","2198.11920354597","2","未评级","","高德开放平台POI样本","51d8f876e2d2445bbe494db27ede4df0","77751da1e930432394ebe8325068c3b6","sample-spatial-v1.1"
"430422","衡南县","58","4.2084774748970135","2498.538769735643","2","未评级","","高德开放平台POI样本","51d8f876e2d2445bbe494db27ede4df0","77751da1e930432394ebe8325068c3b6","sample-spatial-v1.1"
"430981","沅江市","50","4.263421129582038","2042.133189303222","5","未评级","","高德开放平台POI样本","51d8f876e2d2445bbe494db27ede4df0","77751da1e930432394ebe8325068c3b6","sample-spatial-v1.1"
"431122","东安县","65","4.290072246265724","2116.887102626656","0","未评级","","高德开放平台POI样本","51d8f876e2d2445bbe494db27ede4df0","77751da1e930432394ebe8325068c3b6","sample-spatial-v1.1"
"431127","蓝山县","48","4.290206114027241","1727.3367348072134","0","未评级","","高德开放平台POI样本","51d8f876e2d2445bbe494db27ede4df0","77751da1e930432394ebe8325068c3b6","sample-spatial-v1.1"
"431228","芷江侗族自治县","41","4.329462093951242","1999.6577244062091","3","未评级","","高德开放平台POI样本","51d8f876e2d2445bbe494db27ede4df0","77751da1e930432394ebe8325068c3b6","sample-spatial-v1.1"
"430923","安化县","142","4.3381819966585216","4737.807943806681","3","未评级","","高德开放平台POI样本","51d8f876e2d2445bbe494db27ede4df0","77751da1e930432394ebe8325068c3b6","sample-spatial-v1.1"
"430225","炎陵县","44","4.420916965924416","1948.0524939953937","1","未评级","","高德开放平台POI样本","51d8f876e2d2445bbe494db27ede4df0","77751da1e930432394ebe8325068c3b6","sample-spatial-v1.1"
"431221","中方县","38","4.436272248788369","1449.54313505006","1","未评级","","高德开放平台POI样本","51d8f876e2d2445bbe494db27ede4df0","77751da1e930432394ebe8325068c3b6","sample-spatial-v1.1"
"430621","岳阳县","73","4.475628086866455","2688.3856682903206","5","未评级","","高德开放平台POI样本","51d8f876e2d2445bbe494db27ede4df0","77751da1e930432394ebe8325068c3b6","sample-spatial-v1.1"
"431027","桂东县","36","4.52572802817312","1369.2250790212038","0","未评级","","高德开放平台POI样本","51d8f876e2d2445bbe494db27ede4df0","77751da1e930432394ebe8325068c3b6","sample-spatial-v1.1"
"431025","临武县","56","4.675586068626618","1312.7801477723513","4","未评级","","高德开放平台POI样本","51d8f876e2d2445bbe494db27ede4df0","77751da1e930432394ebe8325068c3b6","sample-spatial-v1.1"
"430682","临湘市","51","4.7748991139842225","1637.656116104626","14","未评级","","高德开放平台POI样本","51d8f876e2d2445bbe494db27ede4df0","77751da1e930432394ebe8325068c3b6","sample-spatial-v1.1"
"431223","辰溪县","50","4.880291512154143","1894.555189757309","2","未评级","","高德开放平台POI样本","51d8f876e2d2445bbe494db27ede4df0","77751da1e930432394ebe8325068c3b6","sample-spatial-v1.1"
"430482","常宁市","59","4.895750750867074","1945.6909923189912","6","未评级","","高德开放平台POI样本","51d8f876e2d2445bbe494db27ede4df0","77751da1e930432394ebe8325068c3b6","sample-spatial-v1.1"
"430223","攸县","74","5.031777221232686","2528.27933465654","1","未评级","","高德开放平台POI样本","51d8f876e2d2445bbe494db27ede4df0","77751da1e930432394ebe8325068c3b6","sample-spatial-v1.1"
"431124","道县","75","5.139823370656145","2327.511380361619","3","未评级","","高德开放平台POI样本","51d8f876e2d2445bbe494db27ede4df0","77751da1e930432394ebe8325068c3b6","sample-spatial-v1.1"
"430424","衡东县","59","5.368187538910569","1824.4880160578143","2","未评级","","高德开放平台POI样本","51d8f876e2d2445bbe494db27ede4df0","77751da1e930432394ebe8325068c3b6","sample-spatial-v1.1"
"430426","祁东县","60","5.380187582989175","1773.4697307818212","1","未评级","","高德开放平台POI样本","51d8f876e2d2445bbe494db27ede4df0","77751da1e930432394ebe8325068c3b6","sample-spatial-v1.1"
"430626","平江县","161","5.3821016171312746","3894.291295920657","25","未评级","","高德开放平台POI样本","51d8f876e2d2445bbe494db27ede4df0","77751da1e930432394ebe8325068c3b6","sample-spatial-v1.1"
"431226","麻阳苗族自治县","40","5.398625799682924","1483.8897754121142","2","未评级","","高德开放平台POI样本","51d8f876e2d2445bbe494db27ede4df0","77751da1e930432394ebe8325068c3b6","sample-spatial-v1.1"
"430722","汉寿县","75","5.399541889621738","1980.8509942105547","4","未评级","","高德开放平台POI样本","51d8f876e2d2445bbe494db27ede4df0","77751da1e930432394ebe8325068c3b6","sample-spatial-v1.1"
"433123","凤凰县","68","5.428126027621646","1634.0052384260068","4","未评级","","高德开放平台POI样本","51d8f876e2d2445bbe494db27ede4df0","77751da1e930432394ebe8325068c3b6","sample-spatial-v1.1"
"431126","宁远县","103","5.552324914463043","2350.9142343372773","4","未评级","","高德开放平台POI样本","51d8f876e2d2445bbe494db27ede4df0","77751da1e930432394ebe8325068c3b6","sample-spatial-v1.1"
"430523","邵阳县","63","5.582592866591333","1888.266346254174","2","未评级","","高德开放平台POI样本","51d8f876e2d2445bbe494db27ede4df0","77751da1e930432394ebe8325068c3b6","sample-spatial-v1.1"
"431021","桂阳县","103","5.632594358288573","2794.107550936619","4","未评级","","高德开放平台POI样本","51d8f876e2d2445bbe494db27ede4df0","77751da1e930432394ebe8325068c3b6","sample-spatial-v1.1"
"430525","洞口县","74","5.755479147722527","2044.4846260097688","5","未评级","","高德开放平台POI样本","51d8f876e2d2445bbe494db27ede4df0","77751da1e930432394ebe8325068c3b6","sample-spatial-v1.1"
"430921","南县","61","5.828007773883901","1250.7137787642391","4","未评级","","高德开放平台POI样本","51d8f876e2d2445bbe494db27ede4df0","77751da1e930432394ebe8325068c3b6","sample-spatial-v1.1"
"430581","武冈市","51","5.887814774276365","1443.391144169338","7","未评级","","高德开放平台POI样本","51d8f876e2d2445bbe494db27ede4df0","77751da1e930432394ebe8325068c3b6","sample-spatial-v1.1"
"430703","鼎城区","80","6.053813726368932","2304.1224017868863","11","未评级","","高德开放平台POI样本","51d8f876e2d2445bbe494db27ede4df0","77751da1e930432394ebe8325068c3b6","sample-spatial-v1.1"
"430421","衡阳县","79","6.062411432296873","2406.341944398246","2","未评级","","高德开放平台POI样本","51d8f876e2d2445bbe494db27ede4df0","77751da1e930432394ebe8325068c3b6","sample-spatial-v1.1"
"431181","祁阳市","94","6.071532132263582","2387.7860394154695","4","未评级","","高德开放平台POI样本","51d8f876e2d2445bbe494db27ede4df0","77751da1e930432394ebe8325068c3b6","sample-spatial-v1.1"
"430723","澧县","81","6.248140564747215","1943.279554606124","2","未评级","","高德开放平台POI样本","51d8f876e2d2445bbe494db27ede4df0","77751da1e930432394ebe8325068c3b6","sample-spatial-v1.1"
"430181","浏阳市","193","6.402599356633468","4676.693605303485","5","未评级","检索触及上限，样本可能不完整","高德开放平台POI样本","51d8f876e2d2445bbe494db27ede4df0","77751da1e930432394ebe8325068c3b6","sample-spatial-v1.1"
"430623","华容县","58","6.417482254157784","1499.151928100021","5","未评级","","高德开放平台POI样本","51d8f876e2d2445bbe494db27ede4df0","77751da1e930432394ebe8325068c3b6","sample-spatial-v1.1"
"430821","慈利县","118","6.788458005506424","3251.082310843757","8","未评级","","高德开放平台POI样本","51d8f876e2d2445bbe494db27ede4df0","77751da1e930432394ebe8325068c3b6","sample-spatial-v1.1"
"430321","湘潭县","111","6.832364261289814","1994.659340298628","6","未评级","","高德开放平台POI样本","51d8f876e2d2445bbe494db27ede4df0","77751da1e930432394ebe8325068c3b6","sample-spatial-v1.1"
"430524","隆回县","128","6.846029283118699","2667.6983962733875","5","未评级","","高德开放平台POI样本","51d8f876e2d2445bbe494db27ede4df0","77751da1e930432394ebe8325068c3b6","sample-spatial-v1.1"
"431028","安仁县","63","6.981761340945402","1364.2583131395677","3","未评级","","高德开放平台POI样本","51d8f876e2d2445bbe494db27ede4df0","77751da1e930432394ebe8325068c3b6","sample-spatial-v1.1"
"430582","邵东市","101","7.321143827882405","1650.2134577172562","6","未评级","","高德开放平台POI样本","51d8f876e2d2445bbe494db27ede4df0","77751da1e930432394ebe8325068c3b6","sample-spatial-v1.1"
"430423","衡山县","47","7.483208918713983","861.4759220080168","3","未评级","","高德开放平台POI样本","51d8f876e2d2445bbe494db27ede4df0","77751da1e930432394ebe8325068c3b6","sample-spatial-v1.1"
"431322","新化县","183","7.554043637008694","3369.92633158169","4","未评级","检索触及上限，样本可能不完整","高德开放平台POI样本","51d8f876e2d2445bbe494db27ede4df0","77751da1e930432394ebe8325068c3b6","sample-spatial-v1.1"
"431102","零陵区","116","7.60451107379307","1822.497527597269","6","未评级","","高德开放平台POI样本","51d8f876e2d2445bbe494db27ede4df0","77751da1e930432394ebe8325068c3b6","sample-spatial-v1.1"
"431128","新田县","50","7.6225893143666275","925.3459409101904","0","未评级","","高德开放平台POI样本","51d8f876e2d2445bbe494db27ede4df0","77751da1e930432394ebe8325068c3b6","sample-spatial-v1.1"
"430922","桃江县","116","7.692161754245894","1908.913234656714","6","未评级","","高德开放平台POI样本","51d8f876e2d2445bbe494db27ede4df0","77751da1e930432394ebe8325068c3b6","sample-spatial-v1.1"
"430802","永定区","180","7.787858358234681","2017.1230812779131","10","未评级","检索触及上限，样本可能不完整","高德开放平台POI样本","51d8f876e2d2445bbe494db27ede4df0","77751da1e930432394ebe8325068c3b6","sample-spatial-v1.1"
"430224","茶陵县","88","7.832144503009397","2309.6154724038956","1","未评级","","高德开放平台POI样本","51d8f876e2d2445bbe494db27ede4df0","77751da1e930432394ebe8325068c3b6","sample-spatial-v1.1"
"430902","资阳区","60","8.149625006978534","533.6153251061895","3","未评级","","高德开放平台POI样本","51d8f876e2d2445bbe494db27ede4df0","77751da1e930432394ebe8325068c3b6","sample-spatial-v1.1"
"430721","安乡县","43","8.182249364445445","1010.4459413521496","1","未评级","","高德开放平台POI样本","51d8f876e2d2445bbe494db27ede4df0","77751da1e930432394ebe8325068c3b6","sample-spatial-v1.1"
"431022","宜章县","153","8.235857050075598","1955.8360325225071","8","未评级","","高德开放平台POI样本","51d8f876e2d2445bbe494db27ede4df0","77751da1e930432394ebe8325068c3b6","sample-spatial-v1.1"
"430381","湘乡市","101","8.251147763786705","1800.8938586746417","8","未评级","","高德开放平台POI样本","51d8f876e2d2445bbe494db27ede4df0","77751da1e930432394ebe8325068c3b6","sample-spatial-v1.1"
"431321","双峰县","92","8.264860354828715","1467.3818191477635","8","未评级","","高德开放平台POI样本","51d8f876e2d2445bbe494db27ede4df0","77751da1e930432394ebe8325068c3b6","sample-spatial-v1.1"
"430212","渌口区","54","8.391741636444724","968.1614418828703","3","未评级","","高德开放平台POI样本","51d8f876e2d2445bbe494db27ede4df0","77751da1e930432394ebe8325068c3b6","sample-spatial-v1.1"
"430611","君山区","29","8.446867112149862","573.011417104399","1","未评级","","高德开放平台POI样本","51d8f876e2d2445bbe494db27ede4df0","77751da1e930432394ebe8325068c3b6","sample-spatial-v1.1"
"430724","临澧县","76","8.67453839722487","1100.1490393293116","0","未评级","","高德开放平台POI样本","51d8f876e2d2445bbe494db27ede4df0","77751da1e930432394ebe8325068c3b6","sample-spatial-v1.1"
"430781","津市市","24","8.782517752470385","508.1227465145557","0","未评级","","高德开放平台POI样本","51d8f876e2d2445bbe494db27ede4df0","77751da1e930432394ebe8325068c3b6","sample-spatial-v1.1"
"430624","湘阴县","85","8.903542756993149","1400.238296328638","9","未评级","","高德开放平台POI样本","51d8f876e2d2445bbe494db27ede4df0","77751da1e930432394ebe8325068c3b6","sample-spatial-v1.1"
"431024","嘉禾县","45","9.604388457339589","624.7308549206265","8","未评级","","高德开放平台POI样本","51d8f876e2d2445bbe494db27ede4df0","77751da1e930432394ebe8325068c3b6","sample-spatial-v1.1"
"433101","吉首市","110","9.768043383775662","973.3049773775194","4","未评级","","高德开放平台POI样本","51d8f876e2d2445bbe494db27ede4df0","77751da1e930432394ebe8325068c3b6","sample-spatial-v1.1"
"430182","宁乡市","186","10.216551271669044","2612.080179326022","7","未评级","检索触及上限，样本可能不完整","高德开放平台POI样本","51d8f876e2d2445bbe494db27ede4df0","77751da1e930432394ebe8325068c3b6","sample-spatial-v1.1"
"431003","苏仙区","135","10.479785694572584","1199.719310593735","10","未评级","","高德开放平台POI样本","51d8f876e2d2445bbe494db27ede4df0","77751da1e930432394ebe8325068c3b6","sample-spatial-v1.1"
"431382","涟源市","119","10.688342705464322","1613.003714378083","9","未评级","","高德开放平台POI样本","51d8f876e2d2445bbe494db27ede4df0","77751da1e930432394ebe8325068c3b6","sample-spatial-v1.1"
"430281","醴陵市","183","11.158655821243018","1900.52204921716","11","未评级","检索触及上限，样本可能不完整","高德开放平台POI样本","51d8f876e2d2445bbe494db27ede4df0","77751da1e930432394ebe8325068c3b6","sample-spatial-v1.1"
"430681","汨罗市","124","11.631347536033289","1474.1310042913149","8","未评级","","高德开放平台POI样本","51d8f876e2d2445bbe494db27ede4df0","77751da1e930432394ebe8325068c3b6","sample-spatial-v1.1"
"430121","长沙县","195","11.702392390735232","1550.5553066405655","5","未评级","检索触及上限，样本可能不完整","高德开放平台POI样本","51d8f876e2d2445bbe494db27ede4df0","77751da1e930432394ebe8325068c3b6","sample-spatial-v1.1"
"430903","赫山区","188","12.364563643552234","1114.3601765467747","11","未评级","检索触及上限，样本可能不完整","高德开放平台POI样本","51d8f876e2d2445bbe494db27ede4df0","77751da1e930432394ebe8325068c3b6","sample-spatial-v1.1"
"431103","冷水滩区","161","13.492119624767035","1051.6759109678694","5","未评级","","高德开放平台POI样本","51d8f876e2d2445bbe494db27ede4df0","77751da1e930432394ebe8325068c3b6","sample-spatial-v1.1"
"431202","鹤城区","156","15.266993126757692","571.4460556662409","12","未评级","","高德开放平台POI样本","51d8f876e2d2445bbe494db27ede4df0","77751da1e930432394ebe8325068c3b6","sample-spatial-v1.1"
"431002","北湖区","181","16.659559279793164","683.1029408718716","29","未评级","检索触及上限，样本可能不完整","高德开放平台POI样本","51d8f876e2d2445bbe494db27ede4df0","77751da1e930432394ebe8325068c3b6","sample-spatial-v1.1"
"430511","北塔区","14","17.673686554950297","69.40543566063313","1","未评级","","高德开放平台POI样本","51d8f876e2d2445bbe494db27ede4df0","77751da1e930432394ebe8325068c3b6","sample-spatial-v1.1"
"430603","云溪区","50","17.76068192463405","313.5993286837513","2","未评级","","高德开放平台POI样本","51d8f876e2d2445bbe494db27ede4df0","77751da1e930432394ebe8325068c3b6","sample-spatial-v1.1"
"430811","武陵源区","111","18.731229805013015","319.9011077609133","5","未评级","","高德开放平台POI样本","51d8f876e2d2445bbe494db27ede4df0","77751da1e930432394ebe8325068c3b6","sample-spatial-v1.1"
"430382","韶山市","66","21.090150349960236","196.00076971226144","5","未评级","","高德开放平台POI样本","51d8f876e2d2445bbe494db27ede4df0","77751da1e930432394ebe8325068c3b6","sample-spatial-v1.1"
"430112","望城区","187","21.39315722913674","747.522646426999","5","未评级","检索触及上限，样本可能不完整","高德开放平台POI样本","51d8f876e2d2445bbe494db27ede4df0","77751da1e930432394ebe8325068c3b6","sample-spatial-v1.1"
"431381","冷水江市","74","22.096163477999692","336.5783185392957","6","未评级","","高德开放平台POI样本","51d8f876e2d2445bbe494db27ede4df0","77751da1e930432394ebe8325068c3b6","sample-spatial-v1.1"
"430503","大祥区","53","23.70258802451847","162.55782111459462","6","未评级","","高德开放平台POI样本","51d8f876e2d2445bbe494db27ede4df0","77751da1e930432394ebe8325068c3b6","sample-spatial-v1.1"
"431302","娄星区","182","25.726213185062687","466.6559095776391","13","未评级","检索触及上限，样本可能不完整","高德开放平台POI样本","51d8f876e2d2445bbe494db27ede4df0","77751da1e930432394ebe8325068c3b6","sample-spatial-v1.1"
"430203","芦淞区","45","26.07354332648264","163.07711955591878","1","未评级","","高德开放平台POI样本","51d8f876e2d2445bbe494db27ede4df0","77751da1e930432394ebe8325068c3b6","sample-spatial-v1.1"
"430302","雨湖区","156","26.377819055312557","335.160614773397","11","未评级","","高德开放平台POI样本","51d8f876e2d2445bbe494db27ede4df0","77751da1e930432394ebe8325068c3b6","sample-spatial-v1.1"
"430412","南岳区","56","26.6283986463752","133.64070187897792","4","未评级","","高德开放平台POI样本","51d8f876e2d2445bbe494db27ede4df0","77751da1e930432394ebe8325068c3b6","sample-spatial-v1.1"
"430405","珠晖区","66","30.17152475814775","153.33101170499833","4","未评级","","高德开放平台POI样本","51d8f876e2d2445bbe494db27ede4df0","77751da1e930432394ebe8325068c3b6","sample-spatial-v1.1"
"430104","岳麓区","192","31.88241644534565","370.7532502849991","4","未评级","检索触及上限，样本可能不完整","高德开放平台POI样本","51d8f876e2d2445bbe494db27ede4df0","77751da1e930432394ebe8325068c3b6","sample-spatial-v1.1"
"430211","天元区","175","33.529961869327","215.3008580165064","34","未评级","","高德开放平台POI样本","51d8f876e2d2445bbe494db27ede4df0","77751da1e930432394ebe8325068c3b6","sample-spatial-v1.1"
"430111","雨花区","193","37.865374242279394","180.41647569668316","2","未评级","检索触及上限，样本可能不完整","高德开放平台POI样本","51d8f876e2d2445bbe494db27ede4df0","77751da1e930432394ebe8325068c3b6","sample-spatial-v1.1"
"430602","岳阳楼区","190","38.34291427246111","251.5644564947091","12","未评级","检索触及上限，样本可能不完整","高德开放平台POI样本","51d8f876e2d2445bbe494db27ede4df0","77751da1e930432394ebe8325068c3b6","sample-spatial-v1.1"
"430204","石峰区","69","38.96614300944655","101.00309395699524","4","未评级","","高德开放平台POI样本","51d8f876e2d2445bbe494db27ede4df0","77751da1e930432394ebe8325068c3b6","sample-spatial-v1.1"
"430702","武陵区","176","41.31178848898734","175.28986363342378","11","未评级","检索触及上限，样本可能不完整","高德开放平台POI样本","51d8f876e2d2445bbe494db27ede4df0","77751da1e930432394ebe8325068c3b6","sample-spatial-v1.1"
"430407","石鼓区","75","42.19449030431112","60.839223217978194","3","未评级","","高德开放平台POI样本","51d8f876e2d2445bbe494db27ede4df0","77751da1e930432394ebe8325068c3b6","sample-spatial-v1.1"
"430202","荷塘区","73","42.257183053138405","88.53986495818795","8","未评级","","高德开放平台POI样本","51d8f876e2d2445bbe494db27ede4df0","77751da1e930432394ebe8325068c3b6","sample-spatial-v1.1"
"430304","岳塘区","137","45.70144787669653","112.76857973697236","13","未评级","","高德开放平台POI样本","51d8f876e2d2445bbe494db27ede4df0","77751da1e930432394ebe8325068c3b6","sample-spatial-v1.1"
"430502","双清区","83","46.008004849701024","72.25202750518412","5","未评级","","高德开放平台POI样本","51d8f876e2d2445bbe494db27ede4df0","77751da1e930432394ebe8325068c3b6","sample-spatial-v1.1"
"430408","蒸湘区","137","50.17045358403769","55.961281445283106","8","未评级","","高德开放平台POI样本","51d8f876e2d2445bbe494db27ede4df0","77751da1e930432394ebe8325068c3b6","sample-spatial-v1.1"
"430105","开福区","187","60.27139011049286","75.36934836124854","8","未评级","检索触及上限，样本可能不完整","高德开放平台POI样本","51d8f876e2d2445bbe494db27ede4df0","77751da1e930432394ebe8325068c3b6","sample-spatial-v1.1"
"430406","雁峰区","49","62.146922233972326","31.232236474807596","5","未评级","","高德开放平台POI样本","51d8f876e2d2445bbe494db27ede4df0","77751da1e930432394ebe8325068c3b6","sample-spatial-v1.1"
"430103","天心区","188","62.81185925413561","51.42803110306587","14","未评级","检索触及上限，样本可能不完整","高德开放平台POI样本","51d8f876e2d2445bbe494db27ede4df0","77751da1e930432394ebe8325068c3b6","sample-spatial-v1.1"
"430102","芙蓉区","179","97.78468766812831","0.980343776980998","20","未评级","检索触及上限，样本可能不完整","高德开放平台POI样本","51d8f876e2d2445bbe494db27ede4df0","77751da1e930432394ebe8325068c3b6","sample-spatial-v1.1"